日期,品种,标的,多空,数量,可用数量,收盘价/结算价,市值/价值,盈亏/逐笔浮盈,开仓均价,持仓均价,保证金,盯市浮盈,今手数,仓位占比
2010-01-04,,Cash,,,,,100000,,,,,,
2010-01-05,,Cash,,,,,100000,,,,,,
2010-01-06,,Cash,,,,,100000,,,,,,
2010-01-07,,Cash,,,,,100000,,,,,,
2010-01-08,,Cash,,,,,100000,,,,,,
2010-01-11,,Cash,,,,,100000,,,,,,
2010-01-12,,Cash,,,,,100000,,,,,,
2010-01-13,,Cash,,,,,100000,,,,,,
2010-01-14,,Cash,,,,,100000,,,,,,
2010-01-15,,Cash,,,,,100000,,,,,,
2010-01-18,,Cash,,,,,100000,,,,,,
2010-01-19,,Cash,,,,,100000,,,,,,
2010-01-20,,Cash,,,,,100000,,,,,,
2010-01-21,,Cash,,,,,100000,,,,,,
2010-01-22,,Cash,,,,,100000,,,,,,
2010-01-25,,Cash,,,,,100000,,,,,,
2010-01-26,,Cash,,,,,100000,,,,,,
2010-01-27,,Cash,,,,,100000,,,,,,
2010-01-28,,Cash,,,,,100000,,,,,,
2010-01-29,,Cash,,,,,100000,,,,,,
2010-02-01,,Cash,,,,,100000,,,,,,
2010-02-02,,Cash,,,,,100000,,,,,,
2010-02-03,,Cash,,,,,100000,,,,,,
2010-02-04,,Cash,,,,,100000,,,,,,
2010-02-05,,Cash,,,,,100000,,,,,,
2010-02-08,,Cash,,,,,100000,,,,,,
2010-02-09,,Cash,,,,,100000,,,,,,
2010-02-10,,Cash,,,,,100000,,,,,,
2010-02-11,,Cash,,,,,100000,,,,,,
2010-02-12,,Cash,,,,,100000,,,,,,
2010-02-22,,Cash,,,,,100000,,,,,,
2010-02-23,,Cash,,,,,100000,,,,,,
2010-02-24,,Cash,,,,,100000,,,,,,
2010-02-25,,Cash,,,,,100000,,,,,,
2010-02-26,,Cash,,,,,100000,,,,,,
2010-03-01,,Cash,,,,,100000,,,,,,
2010-03-02,,Cash,,,,,100000,,,,,,
2010-03-03,,Cash,,,,,100000,,,,,,
2010-03-04,,Cash,,,,,100000,,,,,,
2010-03-05,,Cash,,,,,100000,,,,,,
2010-03-08,,Cash,,,,,100000,,,,,,
2010-03-09,,Cash,,,,,100000,,,,,,
2010-03-10,,Cash,,,,,100000,,,,,,
2010-03-11,,Cash,,,,,100000,,,,,,
2010-03-12,股票,东晶电子(002199.XSHE),多仓,2400股,2400股,25.58,61392,192,25.5,-,0,192,0股,61.6%
2010-03-12,股票,梅花伞(002174.XSHE),多仓,2400股,2400股,14.85,35640,-528,15.07,-,0,-528,0股,35.8%
2010-03-12,,Cash,,,,,2602.79,,,,,,
2010-03-15,股票,东晶电子(002199.XSHE),多仓,2400股,2400股,25.3,60720,-480,25.5,-,0,-672,0股,61.6%
2010-03-15,股票,梅花伞(002174.XSHE),多仓,200股,200股,14.82,2964,-50,15.07,-,0,-6,0股,3%
2010-03-15,,Cash,,,,,34922.72,,,,,,
2010-03-16,股票,东晶电子(002199.XSHE),多仓,900股,900股,25.55,22995,45,25.5,-,0,225,0股,23.1%
2010-03-16,股票,梅花伞(002174.XSHE),多仓,800股,800股,15.12,12096,172,14.905,-,0,222,0股,12.1%
2010-03-16,,Cash,,,,,64477.64,,,,,,
2010-03-17,股票,东晶电子(002199.XSHE),多仓,900股,900股,26.6,23940,990,25.5,-,0,945,0股,23.7%
2010-03-17,股票,梅花伞(002174.XSHE),多仓,4200股,4200股,15.29,64218,546,15.16,-,0,374,0股,63.7%
2010-03-17,,Cash,,,,,12714.12,,,,,,
2010-03-18,股票,东晶电子(002199.XSHE),多仓,900股,900股,28.18,25362,2412,25.5,-,0,1422,0股,24.8%
2010-03-18,股票,梅花伞(002174.XSHE),多仓,900股,900股,15.26,13734,90,15.16,-,0,-27,0股,13.4%
2010-03-18,,Cash,,,,,63039.61,,,,,,
2010-03-19,股票,东晶电子(002199.XSHE),多仓,900股,900股,29.15,26235,3285,25.5,-,0,873,0股,25.4%
2010-03-19,股票,梅花伞(002174.XSHE),多仓,900股,900股,15.66,14094,450,15.16,-,0,360,0股,13.6%
2010-03-19,,Cash,,,,,63039.61,,,,,,
2010-03-22,股票,东晶电子(002199.XSHE),多仓,900股,900股,28.68,25812,2862,25.5,-,0,-423,0股,25.1%
2010-03-22,股票,梅花伞(002174.XSHE),多仓,900股,900股,15.55,13995,351,15.16,-,0,-99,0股,13.6%
2010-03-22,,Cash,,,,,63039.61,,,,,,
2010-03-23,股票,东晶电子(002199.XSHE),多仓,900股,900股,26.67,24003,1053,25.5,-,0,-1809,0股,23.8%
2010-03-23,股票,梅花伞(002174.XSHE),多仓,4000股,4000股,15.54,62160,249,15.478,-,0,-102,0股,61.6%
2010-03-23,,Cash,,,,,14758.13,,,,,,
2010-03-24,股票,东晶电子(002199.XSHE),多仓,900股,900股,27.02,24318,1368,25.5,-,0,315,0股,24%
2010-03-24,股票,梅花伞(002174.XSHE),多仓,1000股,1000股,15.66,15660,182.25,15.478,-,0,120,0股,15.4%
2010-03-24,,Cash,,,,,61467.33,,,,,,
2010-03-25,股票,东晶电子(002199.XSHE),多仓,900股,900股,26.22,23598,648,25.5,-,0,-720,0股,23.9%
2010-03-25,股票,梅花伞(002174.XSHE),多仓,3900股,3900股,15.25,59475,-1735.75,15.695,-,0,-1918,0股,60.2%
2010-03-25,,Cash,,,,,15720.61,,,,,,
2010-03-26,股票,东晶电子(002199.XSHE),多仓,400股,400股,26.35,10540,340,25.5,-,0,52,0股,10.7%
2010-03-26,股票,梅花伞(002174.XSHE),多仓,400股,400股,15.35,6140,-138.03,15.695,-,0,40,0股,6.2%
2010-03-26,,Cash,,,,,81923.32,,,,,,
2010-03-29,股票,东晶电子(002199.XSHE),多仓,400股,400股,26.59,10636,436,25.5,-,0,96,0股,10.8%
2010-03-29,股票,梅花伞(002174.XSHE),多仓,2500股,2500股,15.18,37950,-605.03,15.422,-,0,-467,0股,38.4%
2010-03-29,股票,湘潭电化(002125.XSHE),多仓,2500股,2500股,17.55,43875,625,17.3,-,0,625,0股,44.4%
2010-03-29,,Cash,,,,,6373.66,,,,,,
2010-03-30,股票,东晶电子(002199.XSHE),多仓,400股,400股,27.09,10836,636,25.5,-,0,200,0股,11%
2010-03-30,股票,梅花伞(002174.XSHE),多仓,500股,500股,15.25,7625,-86.01,15.422,-,0,35,0股,7.8%
2010-03-30,股票,湘潭电化(002125.XSHE),多仓,2500股,2500股,17.33,43325,75,17.3,-,0,-550,0股,44%
2010-03-30,,Cash,,,,,36594.32,,,,,,
2010-03-31,股票,东晶电子(002199.XSHE),多仓,400股,400股,26.78,10712,512,25.5,-,0,-124,0股,10.9%
2010-03-31,股票,梅花伞(002174.XSHE),多仓,500股,500股,15.55,7775,63.99,15.422,-,0,150,0股,7.9%
2010-03-31,股票,湘潭电化(002125.XSHE),多仓,2200股,2200股,17.26,37972,-88,17.3,-,0,-154,0股,38.7%
2010-03-31,,Cash,,,,,41780.12,,,,,,
2010-04-01,股票,东晶电子(002199.XSHE),多仓,400股,400股,26.72,10688,488,25.5,-,0,-24,0股,10.8%
2010-04-01,股票,梅花伞(002174.XSHE),多仓,500股,500股,15.65,7825,113.99,15.422,-,0,50,0股,7.9%
2010-04-01,股票,湘潭电化(002125.XSHE),多仓,2400股,2400股,17.64,42336,820,17.298,-,0,908,0股,42.7%
2010-04-01,,Cash,,,,,38319.12,,,,,,
2010-04-02,股票,东晶电子(002199.XSHE),多仓,400股,400股,26.72,10688,488,25.5,-,0,0,0股,10.7%
2010-04-02,股票,梅花伞(002174.XSHE),多仓,500股,500股,15.55,7775,63.99,15.422,-,0,-50,0股,7.8%
2010-04-02,股票,湘潭电化(002125.XSHE),多仓,2400股,2400股,17.77,42648,1132,17.298,-,0,312,0股,42.9%
2010-04-02,,Cash,,,,,38319.12,,,,,,
2010-04-06,股票,东晶电子(002199.XSHE),多仓,400股,400股,26.19,10476,276,25.5,-,0,-212,0股,10.4%
2010-04-06,股票,梅花伞(002174.XSHE),多仓,500股,500股,15.7,7850,138.99,15.422,-,0,75,0股,7.8%
2010-04-06,股票,湘潭电化(002125.XSHE),多仓,2400股,2400股,18.18,43632,2116,17.298,-,0,984,0股,43.5%
2010-04-06,,Cash,,,,,38319.12,,,,,,
2010-04-07,股票,东晶电子(002199.XSHE),多仓,900股,900股,26.34,23706,401,25.894,-,0,125,0股,23.4%
2010-04-07,股票,梅花伞(002174.XSHE),多仓,900股,900股,16.14,14526,526.99,15.554,-,0,388,0股,14.3%
2010-04-07,股票,湘潭电化(002125.XSHE),多仓,2400股,2400股,18.4,44160,2644,17.298,-,0,528,0股,43.6%
2010-04-07,,Cash,,,,,18916.12,,,,,,
2010-04-08,股票,东晶电子(002199.XSHE),多仓,900股,900股,26.94,24246,941,25.894,-,0,540,0股,24%
2010-04-08,股票,梅花伞(002174.XSHE),多仓,1100股,1100股,15.79,17369,145.99,15.657,-,0,-381,0股,17.2%
2010-04-08,股票,湘潭电化(002125.XSHE),多仓,2400股,2400股,18.15,43560,2044,17.298,-,0,-600,0股,43.2%
2010-04-08,,Cash,,,,,15687.12,,,,,,
2010-04-09,股票,东晶电子(002199.XSHE),多仓,900股,900股,26.95,24255,950,25.894,-,0,9,0股,23.8%
2010-04-09,股票,梅花伞(002174.XSHE),多仓,1000股,1000股,16.41,16410,752.72,15.657,-,0,620,0股,16.1%
2010-04-09,股票,湘潭电化(002125.XSHE),多仓,2400股,2400股,18.26,43824,2308,17.298,-,0,264,0股,43.1%
2010-04-09,,Cash,,,,,17254.55,,,,,,
2010-04-12,股票,东晶电子(002199.XSHE),多仓,900股,900股,27.07,24363,1058,25.894,-,0,108,0股,23.7%
2010-04-12,股票,梅花伞(002174.XSHE),多仓,1000股,1000股,16.55,16550,892.72,15.657,-,0,140,0股,16.1%
2010-04-12,股票,湘潭电化(002125.XSHE),多仓,2400股,2400股,18.6,44640,3124,17.298,-,0,816,0股,43.4%
2010-04-12,,Cash,,,,,17254.55,,,,,,
2010-04-13,股票,东晶电子(002199.XSHE),多仓,900股,900股,25.23,22707,-598,25.894,-,0,-1656,0股,23%
2010-04-13,股票,梅花伞(002174.XSHE),多仓,1000股,1000股,15.91,15910,252.72,15.657,-,0,-640,0股,16.1%
2010-04-13,股票,湘潭电化(002125.XSHE),多仓,2400股,2400股,17.78,42672,1156,17.298,-,0,-1968,0股,43.3%
2010-04-13,,Cash,,,,,17254.55,,,,,,
2010-04-14,股票,东晶电子(002199.XSHE),多仓,500股,500股,24.77,12385,-562.22,25.894,-,0,-230,0股,12.6%
2010-04-14,股票,梅花伞(002174.XSHE),多仓,500股,500股,15.92,7960,131.36,15.657,-,0,5,0股,8.1%
2010-04-14,股票,湘潭电化(002125.XSHE),多仓,2400股,2400股,17.96,43104,1588,17.298,-,0,432,0股,43.7%
2010-04-14,,Cash,,,,,35115.66,,,,,,
2010-04-15,股票,东晶电子(002199.XSHE),多仓,500股,500股,24.73,12365,-582.22,25.894,-,0,-20,0股,12.7%
2010-04-15,股票,梅花伞(002174.XSHE),多仓,2200股,2200股,15.93,35046,-339.64,16.084,-,0,-471,0股,36.1%
2010-04-15,股票,湘潭电化(002125.XSHE),多仓,2400股,2400股,17.56,42144,628,17.298,-,0,-960,0股,43.4%
2010-04-15,,Cash,,,,,7550.39,,,,,,
2010-04-16,股票,东晶电子(002199.XSHE),多仓,500股,500股,24.75,12375,-572.22,25.894,-,0,10,0股,12.8%
2010-04-16,股票,梅花伞(002174.XSHE),多仓,500股,500股,15.5,7750,-292.19,16.084,-,0,-215,0股,8%
2010-04-16,股票,湘潭电化(002125.XSHE),多仓,2400股,2400股,17.47,41928,412,17.298,-,0,-216,0股,43.5%
2010-04-16,,Cash,,,,,34290.58,,,,,,
2010-04-19,股票,东晶电子(002199.XSHE),多仓,500股,500股,24.85,12425,-522.22,25.894,-,0,50,0股,13.2%
2010-04-19,股票,梅花伞(002174.XSHE),多仓,2200股,2200股,15.19,33418,-974.19,15.633,-,0,-682,0股,35.5%
2010-04-19,股票,湘潭电化(002125.XSHE),多仓,2400股,2400股,16.79,40296,-1220,17.298,-,0,-1632,0股,42.8%
2010-04-19,,Cash,,,,,7932.68,,,,,,
2010-04-20,股票,东晶电子(002199.XSHE),多仓,500股,500股,25.6,12800,-147.22,25.894,-,0,375,0股,13.3%
2010-04-20,股票,梅花伞(002174.XSHE),多仓,2200股,2200股,15.51,34122,-270.19,15.633,-,0,704,0股,35.5%
2010-04-20,股票,湘潭电化(002125.XSHE),多仓,2400股,2400股,17.2,41280,-236,17.298,-,0,984,0股,42.9%
2010-04-20,,Cash,,,,,7932.68,,,,,,
2010-04-21,股票,东晶电子(002199.XSHE),多仓,500股,500股,26.61,13305,357.78,25.894,-,0,505,0股,13.5%
2010-04-21,股票,梅花伞(002174.XSHE),多仓,2200股,2200股,15.67,34474,81.81,15.633,-,0,352,0股,34.9%
2010-04-21,股票,湘潭电化(002125.XSHE),多仓,2400股,2400股,17.92,43008,1492,17.298,-,0,1728,0股,43.6%
2010-04-21,,Cash,,,,,7932.68,,,,,,
2010-04-22,股票,东晶电子(002199.XSHE),多仓,500股,500股,26.1,13050,102.78,25.894,-,0,-255,0股,13.1%
2010-04-22,股票,梅花伞(002174.XSHE),多仓,2200股,2200股,15.59,34298,-94.19,15.633,-,0,-176,0股,34.4%
2010-04-22,股票,湘潭电化(002125.XSHE),多仓,2400股,2400股,18.39,44136,2620,17.298,-,0,1128,0股,44.3%
2010-04-22,股票,方正电机(002196.XSHE),多仓,300股,300股,21.98,6594,225,21.23,-,0,225,0股,6.6%
2010-04-22,,Cash,,,,,1558.68,,,,,,
2010-04-23,股票,东晶电子(002199.XSHE),多仓,500股,500股,26.4,13200,252.78,25.894,-,0,150,0股,13.4%
2010-04-23,股票,梅花伞(002174.XSHE),多仓,2200股,2200股,15.59,34298,-94.19,15.633,-,0,0,0股,34.8%
2010-04-23,股票,湘潭电化(002125.XSHE),多仓,2400股,2400股,17.95,43080,1564,17.298,-,0,-1056,0股,43.7%
2010-04-23,,Cash,,,,,8078.15,,,,,,
2010-04-26,股票,梅花伞(002174.XSHE),多仓,2200股,2200股,16.17,35574,1181.81,15.633,-,0,1276,0股,35.2%
2010-04-26,股票,湘潭电化(002125.XSHE),多仓,2400股,2400股,18.45,44280,2764,17.298,-,0,1200,0股,43.8%
2010-04-26,,Cash,,,,,21344.86,,,,,,
2010-04-27,股票,湘潭电化(002125.XSHE),多仓,2400股,2400股,17.97,43128,1612,17.298,-,0,-1152,0股,43.7%
2010-04-27,股票,东晶电子(002199.XSHE),多仓,800股,800股,24.37,19496,-904,25.5,-,0,-904,0股,19.7%
2010-04-27,,Cash,,,,,36092.98,,,,,,
2010-04-28,股票,湘潭电化(002125.XSHE),多仓,2400股,2400股,18.11,43464,1948,17.298,-,0,336,0股,44.6%
2010-04-28,股票,东晶电子(002199.XSHE),多仓,1240股,1240股,17.47,21662.8,-2245.2,19.281,-,0,-1341.2,0股,22.2%
2010-04-28,股票,梅花伞(002174.XSHE),多仓,1000股,1000股,15.73,15730,-280,16.01,-,0,-280,0股,16.1%
2010-04-28,,Cash,,,,,16544.18,,,,,,
2010-04-29,股票,湘潭电化(002125.XSHE),多仓,2400股,2400股,18.35,44040,2524,17.298,-,0,576,0股,44.9%
2010-04-29,股票,东晶电子(002199.XSHE),多仓,540股,540股,17.47,9433.8,-977.75,19.281,-,0,0,0股,9.6%
2010-04-29,股票,梅花伞(002174.XSHE),多仓,500股,500股,15.62,7810,-195,16.01,-,0,-55,0股,8%
2010-04-29,,Cash,,,,,36784.91,,,,,,
2010-04-30,,Cash,,,,,97068.11,,,,,,
2010-05-04,,Cash,,,,,97068.11,,,,,,
2010-05-05,,Cash,,,,,97068.11,,,,,,
2010-05-06,,Cash,,,,,97068.11,,,,,,
2010-05-07,,Cash,,,,,97068.11,,,,,,
2010-05-10,,Cash,,,,,97068.11,,,,,,
2010-05-11,,Cash,,,,,97068.11,,,,,,
2010-05-12,,Cash,,,,,97068.11,,,,,,
2010-05-13,,Cash,,,,,97068.11,,,,,,
2010-05-14,,Cash,,,,,97068.11,,,,,,
2010-05-17,,Cash,,,,,97068.11,,,,,,
2010-05-18,,Cash,,,,,97068.11,,,,,,
2010-05-19,,Cash,,,,,97068.11,,,,,,
2010-05-20,,Cash,,,,,97068.11,,,,,,
2010-05-21,,Cash,,,,,97068.11,,,,,,
2010-05-24,,Cash,,,,,97068.11,,,,,,
2010-05-25,,Cash,,,,,97068.11,,,,,,
2010-05-26,,Cash,,,,,97068.11,,,,,,
2010-05-27,,Cash,,,,,97068.11,,,,,,
2010-05-28,,Cash,,,,,97068.11,,,,,,
2010-05-31,,Cash,,,,,97068.11,,,,,,
2010-06-01,,Cash,,,,,97068.11,,,,,,
2010-06-02,,Cash,,,,,97068.11,,,,,,
2010-06-03,,Cash,,,,,97068.11,,,,,,
2010-06-04,,Cash,,,,,97068.11,,,,,,
2010-06-07,,Cash,,,,,97068.11,,,,,,
2010-06-08,,Cash,,,,,97068.11,,,,,,
2010-06-09,,Cash,,,,,97068.11,,,,,,
2010-06-10,,Cash,,,,,97068.11,,,,,,
2010-06-11,,Cash,,,,,97068.11,,,,,,
2010-06-17,,Cash,,,,,97068.11,,,,,,
2010-06-18,,Cash,,,,,97068.11,,,,,,
2010-06-21,,Cash,,,,,97068.11,,,,,,
2010-06-22,,Cash,,,,,97068.11,,,,,,
2010-06-23,,Cash,,,,,97068.11,,,,,,
2010-06-24,,Cash,,,,,97068.11,,,,,,
2010-06-25,,Cash,,,,,97068.11,,,,,,
2010-06-28,,Cash,,,,,97068.11,,,,,,
2010-06-29,,Cash,,,,,97068.11,,,,,,
2010-06-30,,Cash,,,,,97068.11,,,,,,
2010-07-01,,Cash,,,,,97068.11,,,,,,
2010-07-02,,Cash,,,,,97068.11,,,,,,
2010-07-05,,Cash,,,,,97068.11,,,,,,
2010-07-06,,Cash,,,,,97068.11,,,,,,
2010-07-07,,Cash,,,,,97068.11,,,,,,
2010-07-08,,Cash,,,,,97068.11,,,,,,
2010-07-09,,Cash,,,,,97068.11,,,,,,
2010-07-12,,Cash,,,,,97068.11,,,,,,
2010-07-13,,Cash,,,,,97068.11,,,,,,
2010-07-14,,Cash,,,,,97068.11,,,,,,
2010-07-15,,Cash,,,,,97068.11,,,,,,
2010-07-16,,Cash,,,,,97068.11,,,,,,
2010-07-19,,Cash,,,,,97068.11,,,,,,
2010-07-20,,Cash,,,,,97068.11,,,,,,
2010-07-21,,Cash,,,,,97068.11,,,,,,
2010-07-22,,Cash,,,,,97068.11,,,,,,
2010-07-23,,Cash,,,,,97068.11,,,,,,
2010-07-26,,Cash,,,,,97068.11,,,,,,
2010-07-27,,Cash,,,,,97068.11,,,,,,
2010-07-28,,Cash,,,,,97068.11,,,,,,
2010-07-29,,Cash,,,,,97068.11,,,,,,
2010-07-30,,Cash,,,,,97068.11,,,,,,
2010-08-02,股票,方正电机(002196.XSHE),多仓,4800股,4800股,20.22,97056,528,20.11,-,0,528,0股,99.5%
2010-08-02,,Cash,,,,,511.15,,,,,,
2010-08-03,,Cash,,,,,97824.48,,,,,,
2010-08-04,股票,方正电机(002196.XSHE),多仓,4900股,4900股,19.7,96530,-1127,19.93,-,0,-1127,0股,99.9%
2010-08-04,,Cash,,,,,138.18,,,,,,
2010-08-05,股票,方正电机(002196.XSHE),多仓,100股,100股,19.84,1984,-9,19.93,-,0,14,0股,2.1%
2010-08-05,,Cash,,,,,94575.25,,,,,,
2010-08-06,股票,方正电机(002196.XSHE),多仓,100股,100股,19.97,1997,4,19.93,-,0,13,0股,2.1%
2010-08-06,,Cash,,,,,94575.25,,,,,,
2010-08-09,股票,方正电机(002196.XSHE),多仓,100股,100股,20.47,2047,54,19.93,-,0,50,0股,2.1%
2010-08-09,,Cash,,,,,94575.25,,,,,,
2010-08-10,股票,方正电机(002196.XSHE),多仓,100股,100股,19.86,1986,-7,19.93,-,0,-61,0股,2.1%
2010-08-10,,Cash,,,,,94575.25,,,,,,
2010-08-11,,Cash,,,,,96543.27,,,,,,
2010-08-12,,Cash,,,,,96543.27,,,,,,
2010-08-13,股票,方正电机(002196.XSHE),多仓,4500股,4500股,21.22,95490,1305,20.93,-,0,1305,0股,97.6%
2010-08-13,,Cash,,,,,2330.01,,,,,,
2010-08-16,股票,方正电机(002196.XSHE),多仓,200股,200股,21.39,4278,92,20.93,-,0,34,0股,4.4%
2010-08-16,,Cash,,,,,92813.23,,,,,,
2010-08-17,股票,方正电机(002196.XSHE),多仓,4300股,4300股,20.94,90042,-1597,21.311,-,0,-1689,0股,94.4%
2010-08-17,,Cash,,,,,5333.99,,,,,,
2010-08-18,股票,方正电机(002196.XSHE),多仓,300股,300股,20.72,6216,-177.42,21.311,-,0,-66,0股,6.5%
2010-08-18,,Cash,,,,,89025.05,,,,,,
2010-08-19,股票,方正电机(002196.XSHE),多仓,4200股,4200股,20.68,86856,-384.42,20.772,-,0,-207,0股,91.4%
2010-08-19,,Cash,,,,,8153.8,,,,,,
2010-08-20,股票,方正电机(002196.XSHE),多仓,400股,400股,20.25,8100,-208.61,20.772,-,0,-172,0股,8.6%
2010-08-20,,Cash,,,,,86218.18,,,,,,
2010-08-23,,Cash,,,,,94301.08,,,,,,
2010-08-24,股票,山下湖(002173.XSHE),多仓,5000股,5000股,18.9,94500,-2000,19.3,-,0,-2000,0股,100%
2010-08-24,,Cash,,,,,-2227.87,,,,,,
2010-08-25,,Cash,,,,,92498.82,,,,,,
2010-08-26,,Cash,,,,,92498.82,,,,,,
2010-08-27,,Cash,,,,,92498.82,,,,,,
2010-08-30,,Cash,,,,,92498.82,,,,,,
2010-08-31,,Cash,,,,,92498.82,,,,,,
2010-09-01,,Cash,,,,,92498.82,,,,,,
2010-09-02,,Cash,,,,,92498.82,,,,,,
2010-09-03,,Cash,,,,,92498.82,,,,,,
2010-09-06,,Cash,,,,,92498.82,,,,,,
2010-09-07,,Cash,,,,,92498.82,,,,,,
2010-09-08,,Cash,,,,,92498.82,,,,,,
2010-09-09,,Cash,,,,,92498.82,,,,,,
2010-09-10,,Cash,,,,,92498.82,,,,,,
2010-09-13,,Cash,,,,,92498.82,,,,,,
2010-09-14,,Cash,,,,,92498.82,,,,,,
2010-09-15,,Cash,,,,,92498.82,,,,,,
2010-09-16,,Cash,,,,,92498.82,,,,,,
2010-09-17,,Cash,,,,,92498.82,,,,,,
2010-09-20,,Cash,,,,,92498.82,,,,,,
2010-09-21,,Cash,,,,,92498.82,,,,,,
2010-09-27,,Cash,,,,,92498.82,,,,,,
2010-09-28,,Cash,,,,,92498.82,,,,,,
2010-09-29,,Cash,,,,,92498.82,,,,,,
2010-09-30,,Cash,,,,,92498.82,,,,,,
2010-10-08,,Cash,,,,,92498.82,,,,,,
2010-10-11,,Cash,,,,,92498.82,,,,,,
2010-10-12,,Cash,,,,,92498.82,,,,,,
2010-10-13,,Cash,,,,,92498.82,,,,,,
2010-10-14,,Cash,,,,,92498.82,,,,,,
2010-10-15,,Cash,,,,,92498.82,,,,,,
2010-10-18,,Cash,,,,,92498.82,,,,,,
2010-10-19,,Cash,,,,,92498.82,,,,,,
2010-10-20,,Cash,,,,,92498.82,,,,,,
2010-10-21,,Cash,,,,,92498.82,,,,,,
2010-10-22,,Cash,,,,,92498.82,,,,,,
2010-10-25,,Cash,,,,,92498.82,,,,,,
2010-10-26,,Cash,,,,,92498.82,,,,,,
2010-10-27,,Cash,,,,,92498.82,,,,,,
2010-10-28,,Cash,,,,,92498.82,,,,,,
2010-10-29,,Cash,,,,,92498.82,,,,,,
2010-11-01,,Cash,,,,,92498.82,,,,,,
2010-11-02,,Cash,,,,,92498.82,,,,,,
2010-11-03,,Cash,,,,,92498.82,,,,,,
2010-11-04,,Cash,,,,,92498.82,,,,,,
2010-11-05,,Cash,,,,,92498.82,,,,,,
2010-11-08,股票,东晶电子(002199.XSHE),多仓,4700股,4700股,19.73,92731,-1316,20.01,-,0,-1316,0股,100%
2010-11-08,,Cash,,,,,-1576.39,,,,,,
2010-11-09,,Cash,,,,,90517.73,,,,,,
2010-11-10,,Cash,,,,,90517.73,,,,,,
2010-11-11,股票,东晶电子(002199.XSHE),多仓,4400股,4400股,19.68,86592,-1100,19.93,-,0,-1100,0股,96.9%
2010-11-11,,Cash,,,,,2799.42,,,,,,
2010-11-12,股票,东晶电子(002199.XSHE),多仓,200股,200股,17.98,3596,-390,19.93,-,0,-340,0股,4.1%
2010-11-12,,Cash,,,,,84928.51,,,,,,
2010-11-15,股票,东晶电子(002199.XSHE),多仓,4700股,4700股,18.71,87937,2816,18.111,-,0,3206,0股,95.9%
2010-11-15,,Cash,,,,,3769.17,,,,,,
2010-11-16,股票,东晶电子(002199.XSHE),多仓,300股,300股,18.25,5475,41.74,18.111,-,0,-138,0股,5.9%
2010-11-16,,Cash,,,,,86645.29,,,,,,
2010-11-17,股票,东晶电子(002199.XSHE),多仓,300股,300股,18.05,5415,-18.26,18.111,-,0,-60,0股,5.9%
2010-11-17,,Cash,,,,,86645.29,,,,,,
2010-11-18,股票,东晶电子(002199.XSHE),多仓,300股,300股,18.64,5592,158.74,18.111,-,0,177,0股,6.1%
2010-11-18,,Cash,,,,,86645.29,,,,,,
2010-11-19,股票,东晶电子(002199.XSHE),多仓,300股,300股,20.5,6150,716.74,18.111,-,0,558,0股,6.6%
2010-11-19,,Cash,,,,,86645.29,,,,,,
2010-11-22,股票,东晶电子(002199.XSHE),多仓,300股,300股,22.48,6744,1310.74,18.111,-,0,594,0股,7.2%
2010-11-22,,Cash,,,,,86645.29,,,,,,
2010-11-23,股票,东晶电子(002199.XSHE),多仓,300股,300股,21.5,6450,1016.74,18.111,-,0,-294,0股,6.9%
2010-11-23,,Cash,,,,,86645.29,,,,,,
2010-11-24,股票,东晶电子(002199.XSHE),多仓,300股,300股,22.24,6672,1238.74,18.111,-,0,222,0股,7.1%
2010-11-24,,Cash,,,,,86645.29,,,,,,
2010-11-25,,Cash,,,,,93296.63,,,,,,
2010-11-26,,Cash,,,,,93296.63,,,,,,
2010-11-29,,Cash,,,,,93296.63,,,,,,
2010-11-30,,Cash,,,,,93296.63,,,,,,
2010-12-01,,Cash,,,,,93296.63,,,,,,
2010-12-02,,Cash,,,,,93296.63,,,,,,
2010-12-03,,Cash,,,,,93296.63,,,,,,
2010-12-06,,Cash,,,,,93296.63,,,,,,
2010-12-07,,Cash,,,,,93296.63,,,,,,
2010-12-08,,Cash,,,,,93296.63,,,,,,
2010-12-09,,Cash,,,,,93296.63,,,,,,
2010-12-10,,Cash,,,,,93296.63,,,,,,
2010-12-13,,Cash,,,,,93296.63,,,,,,
2010-12-14,,Cash,,,,,93296.63,,,,,,
2010-12-15,,Cash,,,,,93296.63,,,,,,
2010-12-16,,Cash,,,,,93296.63,,,,,,
2010-12-17,,Cash,,,,,93296.63,,,,,,
2010-12-20,,Cash,,,,,93296.63,,,,,,
2010-12-21,,Cash,,,,,93296.63,,,,,,
2010-12-22,,Cash,,,,,93296.63,,,,,,
2010-12-23,,Cash,,,,,93296.63,,,,,,
2010-12-24,,Cash,,,,,93296.63,,,,,,
2010-12-27,,Cash,,,,,93296.63,,,,,,
2010-12-28,,Cash,,,,,93296.63,,,,,,
2010-12-29,,Cash,,,,,93296.63,,,,,,
2010-12-30,,Cash,,,,,93296.63,,,,,,
2010-12-31,,Cash,,,,,93296.63,,,,,,
2011-01-04,,Cash,,,,,93296.63,,,,,,
2011-01-05,,Cash,,,,,93296.63,,,,,,
2011-01-06,,Cash,,,,,93296.63,,,,,,
2011-01-07,,Cash,,,,,93296.63,,,,,,
2011-01-10,,Cash,,,,,93296.63,,,,,,
2011-01-11,,Cash,,,,,93296.63,,,,,,
2011-01-12,,Cash,,,,,93296.63,,,,,,
2011-01-13,,Cash,,,,,93296.63,,,,,,
2011-01-14,,Cash,,,,,93296.63,,,,,,
2011-01-17,,Cash,,,,,93296.63,,,,,,
2011-01-18,,Cash,,,,,93296.63,,,,,,
2011-01-19,,Cash,,,,,93296.63,,,,,,
2011-01-20,,Cash,,,,,93296.63,,,,,,
2011-01-21,,Cash,,,,,93296.63,,,,,,
2011-01-24,,Cash,,,,,93296.63,,,,,,
2011-01-25,,Cash,,,,,93296.63,,,,,,
2011-01-26,,Cash,,,,,93296.63,,,,,,
2011-01-27,,Cash,,,,,93296.63,,,,,,
2011-01-28,,Cash,,,,,93296.63,,,,,,
2011-01-31,,Cash,,,,,93296.63,,,,,,
2011-02-01,,Cash,,,,,93296.63,,,,,,
2011-02-09,,Cash,,,,,93296.63,,,,,,
2011-02-10,,Cash,,,,,93296.63,,,,,,
2011-02-11,,Cash,,,,,93296.63,,,,,,
2011-02-14,,Cash,,,,,93296.63,,,,,,
2011-02-15,,Cash,,,,,93296.63,,,,,,
2011-02-16,,Cash,,,,,93296.63,,,,,,
2011-02-17,,Cash,,,,,93296.63,,,,,,
2011-02-18,,Cash,,,,,93296.63,,,,,,
2011-02-21,,Cash,,,,,93296.63,,,,,,
2011-02-22,,Cash,,,,,93296.63,,,,,,
2011-02-23,,Cash,,,,,93296.63,,,,,,
2011-02-24,,Cash,,,,,93296.63,,,,,,
2011-02-25,,Cash,,,,,93296.63,,,,,,
2011-02-28,,Cash,,,,,93296.63,,,,,,
2011-03-01,,Cash,,,,,93296.63,,,,,,
2011-03-02,,Cash,,,,,93296.63,,,,,,
2011-03-03,,Cash,,,,,93296.63,,,,,,
2011-03-04,,Cash,,,,,93296.63,,,,,,
2011-03-07,,Cash,,,,,93296.63,,,,,,
2011-03-08,,Cash,,,,,93296.63,,,,,,
2011-03-09,,Cash,,,,,93296.63,,,,,,
2011-03-10,,Cash,,,,,93296.63,,,,,,
2011-03-11,,Cash,,,,,93296.63,,,,,,
2011-03-14,,Cash,,,,,93296.63,,,,,,
2011-03-15,,Cash,,,,,93296.63,,,,,,
2011-03-16,,Cash,,,,,93296.63,,,,,,
2011-03-17,,Cash,,,,,93296.63,,,,,,
2011-03-18,,Cash,,,,,93296.63,,,,,,
2011-03-21,,Cash,,,,,93296.63,,,,,,
2011-03-22,,Cash,,,,,93296.63,,,,,,
2011-03-23,,Cash,,,,,93296.63,,,,,,
2011-03-24,,Cash,,,,,93296.63,,,,,,
2011-03-25,,Cash,,,,,93296.63,,,,,,
2011-03-28,,Cash,,,,,93296.63,,,,,,
2011-03-29,,Cash,,,,,93296.63,,,,,,
2011-03-30,,Cash,,,,,93296.63,,,,,,
2011-03-31,,Cash,,,,,93296.63,,,,,,
2011-04-01,,Cash,,,,,93296.63,,,,,,
2011-04-06,,Cash,,,,,93296.63,,,,,,
2011-04-07,,Cash,,,,,93296.63,,,,,,
2011-04-08,,Cash,,,,,93296.63,,,,,,
2011-04-11,,Cash,,,,,93296.63,,,,,,
2011-04-12,,Cash,,,,,93296.63,,,,,,
2011-04-13,,Cash,,,,,93296.63,,,,,,
2011-04-14,,Cash,,,,,93296.63,,,,,,
2011-04-15,,Cash,,,,,93296.63,,,,,,
2011-04-18,,Cash,,,,,93296.63,,,,,,
2011-04-19,,Cash,,,,,93296.63,,,,,,
2011-04-20,,Cash,,,,,93296.63,,,,,,
2011-04-21,,Cash,,,,,93296.63,,,,,,
2011-04-22,,Cash,,,,,93296.63,,,,,,
2011-04-25,,Cash,,,,,93296.63,,,,,,
2011-04-26,,Cash,,,,,93296.63,,,,,,
2011-04-27,,Cash,,,,,93296.63,,,,,,
2011-04-28,,Cash,,,,,93296.63,,,,,,
2011-04-29,,Cash,,,,,93296.63,,,,,,
2011-05-03,,Cash,,,,,93296.63,,,,,,
2011-05-04,,Cash,,,,,93296.63,,,,,,
2011-05-05,,Cash,,,,,93296.63,,,,,,
2011-05-06,,Cash,,,,,93296.63,,,,,,
2011-05-09,,Cash,,,,,93296.63,,,,,,
2011-05-10,,Cash,,,,,93296.63,,,,,,
2011-05-11,,Cash,,,,,93296.63,,,,,,
2011-05-12,,Cash,,,,,93296.63,,,,,,
2011-05-13,,Cash,,,,,93296.63,,,,,,
2011-05-16,,Cash,,,,,93296.63,,,,,,
2011-05-17,,Cash,,,,,93296.63,,,,,,
2011-05-18,,Cash,,,,,93296.63,,,,,,
2011-05-19,,Cash,,,,,93296.63,,,,,,
2011-05-20,,Cash,,,,,93296.63,,,,,,
2011-05-23,,Cash,,,,,93296.63,,,,,,
2011-05-24,,Cash,,,,,93296.63,,,,,,
2011-05-25,,Cash,,,,,93296.63,,,,,,
2011-05-26,,Cash,,,,,93296.63,,,,,,
2011-05-27,,Cash,,,,,93296.63,,,,,,
2011-05-30,,Cash,,,,,93296.63,,,,,,
2011-05-31,,Cash,,,,,93296.63,,,,,,
2011-06-01,,Cash,,,,,93296.63,,,,,,
2011-06-02,,Cash,,,,,93296.63,,,,,,
2011-06-03,,Cash,,,,,93296.63,,,,,,
2011-06-07,,Cash,,,,,93296.63,,,,,,
2011-06-08,,Cash,,,,,93296.63,,,,,,
2011-06-09,,Cash,,,,,93296.63,,,,,,
2011-06-10,,Cash,,,,,93296.63,,,,,,
2011-06-13,,Cash,,,,,93296.63,,,,,,
2011-06-14,,Cash,,,,,93296.63,,,,,,
2011-06-15,,Cash,,,,,93296.63,,,,,,
2011-06-16,,Cash,,,,,93296.63,,,,,,
2011-06-17,,Cash,,,,,93296.63,,,,,,
2011-06-20,,Cash,,,,,93296.63,,,,,,
2011-06-21,,Cash,,,,,93296.63,,,,,,
2011-06-22,,Cash,,,,,93296.63,,,,,,
2011-06-23,,Cash,,,,,93296.63,,,,,,
2011-06-24,,Cash,,,,,93296.63,,,,,,
2011-06-27,,Cash,,,,,93296.63,,,,,,
2011-06-28,,Cash,,,,,93296.63,,,,,,
2011-06-29,,Cash,,,,,93296.63,,,,,,
2011-06-30,,Cash,,,,,93296.63,,,,,,
2011-07-01,,Cash,,,,,93296.63,,,,,,
2011-07-04,,Cash,,,,,93296.63,,,,,,
2011-07-05,,Cash,,,,,93296.63,,,,,,
2011-07-06,,Cash,,,,,93296.63,,,,,,
2011-07-07,,Cash,,,,,93296.63,,,,,,
2011-07-08,,Cash,,,,,93296.63,,,,,,
2011-07-11,,Cash,,,,,93296.63,,,,,,
2011-07-12,,Cash,,,,,93296.63,,,,,,
2011-07-13,,Cash,,,,,93296.63,,,,,,
2011-07-14,,Cash,,,,,93296.63,,,,,,
2011-07-15,,Cash,,,,,93296.63,,,,,,
2011-07-18,,Cash,,,,,93296.63,,,,,,
2011-07-19,,Cash,,,,,93296.63,,,,,,
2011-07-20,,Cash,,,,,93296.63,,,,,,
2011-07-21,,Cash,,,,,93296.63,,,,,,
2011-07-22,,Cash,,,,,93296.63,,,,,,
2011-07-25,,Cash,,,,,93296.63,,,,,,
2011-07-26,,Cash,,,,,93296.63,,,,,,
2011-07-27,,Cash,,,,,93296.63,,,,,,
2011-07-28,,Cash,,,,,93296.63,,,,,,
2011-07-29,,Cash,,,,,93296.63,,,,,,
2011-08-01,,Cash,,,,,93296.63,,,,,,
2011-08-02,,Cash,,,,,93296.63,,,,,,
2011-08-03,,Cash,,,,,93296.63,,,,,,
2011-08-04,,Cash,,,,,93296.63,,,,,,
2011-08-05,,Cash,,,,,93296.63,,,,,,
2011-08-08,,Cash,,,,,93296.63,,,,,,
2011-08-09,,Cash,,,,,93296.63,,,,,,
2011-08-10,,Cash,,,,,93296.63,,,,,,
2011-08-11,,Cash,,,,,93296.63,,,,,,
2011-08-12,,Cash,,,,,93296.63,,,,,,
2011-08-15,,Cash,,,,,93296.63,,,,,,
2011-08-16,,Cash,,,,,93296.63,,,,,,
2011-08-17,,Cash,,,,,93296.63,,,,,,
2011-08-18,,Cash,,,,,93296.63,,,,,,
2011-08-19,,Cash,,,,,93296.63,,,,,,
2011-08-22,,Cash,,,,,93296.63,,,,,,
2011-08-23,,Cash,,,,,93296.63,,,,,,
2011-08-24,,Cash,,,,,93296.63,,,,,,
2011-08-25,,Cash,,,,,93296.63,,,,,,
2011-08-26,,Cash,,,,,93296.63,,,,,,
2011-08-29,,Cash,,,,,93296.63,,,,,,
2011-08-30,,Cash,,,,,93296.63,,,,,,
2011-08-31,,Cash,,,,,93296.63,,,,,,
2011-09-01,,Cash,,,,,93296.63,,,,,,
2011-09-02,,Cash,,,,,93296.63,,,,,,
2011-09-05,,Cash,,,,,93296.63,,,,,,
2011-09-06,,Cash,,,,,93296.63,,,,,,
2011-09-07,,Cash,,,,,93296.63,,,,,,
2011-09-08,,Cash,,,,,93296.63,,,,,,
2011-09-09,,Cash,,,,,93296.63,,,,,,
2011-09-13,,Cash,,,,,93296.63,,,,,,
2011-09-14,,Cash,,,,,93296.63,,,,,,
2011-09-15,,Cash,,,,,93296.63,,,,,,
2011-09-16,,Cash,,,,,93296.63,,,,,,
2011-09-19,,Cash,,,,,93296.63,,,,,,
2011-09-20,,Cash,,,,,93296.63,,,,,,
2011-09-21,,Cash,,,,,93296.63,,,,,,
2011-09-22,,Cash,,,,,93296.63,,,,,,
2011-09-23,,Cash,,,,,93296.63,,,,,,
2011-09-26,,Cash,,,,,93296.63,,,,,,
2011-09-27,,Cash,,,,,93296.63,,,,,,
2011-09-28,,Cash,,,,,93296.63,,,,,,
2011-09-29,,Cash,,,,,93296.63,,,,,,
2011-09-30,,Cash,,,,,93296.63,,,,,,
2011-10-10,,Cash,,,,,93296.63,,,,,,
2011-10-11,,Cash,,,,,93296.63,,,,,,
2011-10-12,,Cash,,,,,93296.63,,,,,,
2011-10-13,,Cash,,,,,93296.63,,,,,,
2011-10-14,,Cash,,,,,93296.63,,,,,,
2011-10-17,,Cash,,,,,93296.63,,,,,,
2011-10-18,,Cash,,,,,93296.63,,,,,,
2011-10-19,,Cash,,,,,93296.63,,,,,,
2011-10-20,,Cash,,,,,93296.63,,,,,,
2011-10-21,,Cash,,,,,93296.63,,,,,,
2011-10-24,,Cash,,,,,93296.63,,,,,,
2011-10-25,,Cash,,,,,93296.63,,,,,,
2011-10-26,,Cash,,,,,93296.63,,,,,,
2011-10-27,,Cash,,,,,93296.63,,,,,,
2011-10-28,,Cash,,,,,93296.63,,,,,,
2011-10-31,,Cash,,,,,93296.63,,,,,,
2011-11-01,,Cash,,,,,93296.63,,,,,,
2011-11-02,,Cash,,,,,93296.63,,,,,,
2011-11-03,,Cash,,,,,93296.63,,,,,,
2011-11-04,,Cash,,,,,93296.63,,,,,,
2011-11-07,,Cash,,,,,93296.63,,,,,,
2011-11-08,,Cash,,,,,93296.63,,,,,,
2011-11-09,,Cash,,,,,93296.63,,,,,,
2011-11-10,,Cash,,,,,93296.63,,,,,,
2011-11-11,,Cash,,,,,93296.63,,,,,,
2011-11-14,,Cash,,,,,93296.63,,,,,,
2011-11-15,,Cash,,,,,93296.63,,,,,,
2011-11-16,,Cash,,,,,93296.63,,,,,,
2011-11-17,,Cash,,,,,93296.63,,,,,,
2011-11-18,,Cash,,,,,93296.63,,,,,,
2011-11-21,,Cash,,,,,93296.63,,,,,,
2011-11-22,,Cash,,,,,93296.63,,,,,,
2011-11-23,,Cash,,,,,93296.63,,,,,,
2011-11-24,,Cash,,,,,93296.63,,,,,,
2011-11-25,,Cash,,,,,93296.63,,,,,,
2011-11-28,,Cash,,,,,93296.63,,,,,,
2011-11-29,,Cash,,,,,93296.63,,,,,,
2011-11-30,,Cash,,,,,93296.63,,,,,,
2011-12-01,,Cash,,,,,93296.63,,,,,,
2011-12-02,,Cash,,,,,93296.63,,,,,,
2011-12-05,,Cash,,,,,93296.63,,,,,,
2011-12-06,,Cash,,,,,93296.63,,,,,,
2011-12-07,,Cash,,,,,93296.63,,,,,,
2011-12-08,,Cash,,,,,93296.63,,,,,,
2011-12-09,,Cash,,,,,93296.63,,,,,,
2011-12-12,,Cash,,,,,93296.63,,,,,,
2011-12-13,,Cash,,,,,93296.63,,,,,,
2011-12-14,,Cash,,,,,93296.63,,,,,,
2011-12-15,,Cash,,,,,93296.63,,,,,,
2011-12-16,,Cash,,,,,93296.63,,,,,,
2011-12-19,,Cash,,,,,93296.63,,,,,,
2011-12-20,,Cash,,,,,93296.63,,,,,,
2011-12-21,,Cash,,,,,93296.63,,,,,,
2011-12-22,,Cash,,,,,93296.63,,,,,,
2011-12-23,,Cash,,,,,93296.63,,,,,,
2011-12-26,,Cash,,,,,93296.63,,,,,,
2011-12-27,,Cash,,,,,93296.63,,,,,,
2011-12-28,,Cash,,,,,93296.63,,,,,,
2011-12-29,,Cash,,,,,93296.63,,,,,,
2011-12-30,,Cash,,,,,93296.63,,,,,,
2012-01-04,,Cash,,,,,93296.63,,,,,,
2012-01-05,,Cash,,,,,93296.63,,,,,,
2012-01-06,,Cash,,,,,93296.63,,,,,,
2012-01-09,,Cash,,,,,93296.63,,,,,,
2012-01-10,,Cash,,,,,93296.63,,,,,,
2012-01-11,,Cash,,,,,93296.63,,,,,,
2012-01-12,,Cash,,,,,93296.63,,,,,,
2012-01-13,,Cash,,,,,93296.63,,,,,,
2012-01-16,,Cash,,,,,93296.63,,,,,,
2012-01-17,,Cash,,,,,93296.63,,,,,,
2012-01-18,,Cash,,,,,93296.63,,,,,,
2012-01-19,,Cash,,,,,93296.63,,,,,,
2012-01-20,,Cash,,,,,93296.63,,,,,,
2012-01-30,,Cash,,,,,93296.63,,,,,,
2012-01-31,,Cash,,,,,93296.63,,,,,,
2012-02-01,,Cash,,,,,93296.63,,,,,,
2012-02-02,,Cash,,,,,93296.63,,,,,,
2012-02-03,,Cash,,,,,93296.63,,,,,,
2012-02-06,,Cash,,,,,93296.63,,,,,,
2012-02-07,,Cash,,,,,93296.63,,,,,,
2012-02-08,,Cash,,,,,93296.63,,,,,,
2012-02-09,,Cash,,,,,93296.63,,,,,,
2012-02-10,,Cash,,,,,93296.63,,,,,,
2012-02-13,,Cash,,,,,93296.63,,,,,,
2012-02-14,,Cash,,,,,93296.63,,,,,,
2012-02-15,,Cash,,,,,93296.63,,,,,,
2012-02-16,,Cash,,,,,93296.63,,,,,,
2012-02-17,,Cash,,,,,93296.63,,,,,,
2012-02-20,,Cash,,,,,93296.63,,,,,,
2012-02-21,,Cash,,,,,93296.63,,,,,,
2012-02-22,,Cash,,,,,93296.63,,,,,,
2012-02-23,,Cash,,,,,93296.63,,,,,,
2012-02-24,,Cash,,,,,93296.63,,,,,,
2012-02-27,,Cash,,,,,93296.63,,,,,,
2012-02-28,,Cash,,,,,93296.63,,,,,,
2012-02-29,,Cash,,,,,93296.63,,,,,,
2012-03-01,,Cash,,,,,93296.63,,,,,,
2012-03-02,,Cash,,,,,93296.63,,,,,,
2012-03-05,,Cash,,,,,93296.63,,,,,,
2012-03-06,,Cash,,,,,93296.63,,,,,,
2012-03-07,,Cash,,,,,93296.63,,,,,,
2012-03-08,,Cash,,,,,93296.63,,,,,,
2012-03-09,,Cash,,,,,93296.63,,,,,,
2012-03-12,,Cash,,,,,93296.63,,,,,,
2012-03-13,,Cash,,,,,93296.63,,,,,,
2012-03-14,,Cash,,,,,93296.63,,,,,,
2012-03-15,,Cash,,,,,93296.63,,,,,,
2012-03-16,,Cash,,,,,93296.63,,,,,,
2012-03-19,,Cash,,,,,93296.63,,,,,,
2012-03-20,,Cash,,,,,93296.63,,,,,,
2012-03-21,,Cash,,,,,93296.63,,,,,,
2012-03-22,,Cash,,,,,93296.63,,,,,,
2012-03-23,,Cash,,,,,93296.63,,,,,,
2012-03-26,,Cash,,,,,93296.63,,,,,,
2012-03-27,,Cash,,,,,93296.63,,,,,,
2012-03-28,,Cash,,,,,93296.63,,,,,,
2012-03-29,,Cash,,,,,93296.63,,,,,,
2012-03-30,,Cash,,,,,93296.63,,,,,,
2012-04-05,,Cash,,,,,93296.63,,,,,,
2012-04-06,,Cash,,,,,93296.63,,,,,,
2012-04-09,,Cash,,,,,93296.63,,,,,,
2012-04-10,,Cash,,,,,93296.63,,,,,,
2012-04-11,,Cash,,,,,93296.63,,,,,,
2012-04-12,,Cash,,,,,93296.63,,,,,,
2012-04-13,,Cash,,,,,93296.63,,,,,,
2012-04-16,,Cash,,,,,93296.63,,,,,,
2012-04-17,,Cash,,,,,93296.63,,,,,,
2012-04-18,,Cash,,,,,93296.63,,,,,,
2012-04-19,,Cash,,,,,93296.63,,,,,,
2012-04-20,,Cash,,,,,93296.63,,,,,,
2012-04-23,,Cash,,,,,93296.63,,,,,,
2012-04-24,,Cash,,,,,93296.63,,,,,,
2012-04-25,,Cash,,,,,93296.63,,,,,,
2012-04-26,,Cash,,,,,93296.63,,,,,,
2012-04-27,,Cash,,,,,93296.63,,,,,,
2012-05-02,,Cash,,,,,93296.63,,,,,,
2012-05-03,,Cash,,,,,93296.63,,,,,,
2012-05-04,,Cash,,,,,93296.63,,,,,,
2012-05-07,,Cash,,,,,93296.63,,,,,,
2012-05-08,,Cash,,,,,93296.63,,,,,,
2012-05-09,,Cash,,,,,93296.63,,,,,,
2012-05-10,,Cash,,,,,93296.63,,,,,,
2012-05-11,,Cash,,,,,93296.63,,,,,,
2012-05-14,,Cash,,,,,93296.63,,,,,,
2012-05-15,,Cash,,,,,93296.63,,,,,,
2012-05-16,,Cash,,,,,93296.63,,,,,,
2012-05-17,,Cash,,,,,93296.63,,,,,,
2012-05-18,,Cash,,,,,93296.63,,,,,,
2012-05-21,,Cash,,,,,93296.63,,,,,,
2012-05-22,,Cash,,,,,93296.63,,,,,,
2012-05-23,,Cash,,,,,93296.63,,,,,,
2012-05-24,,Cash,,,,,93296.63,,,,,,
2012-05-25,,Cash,,,,,93296.63,,,,,,
2012-05-28,,Cash,,,,,93296.63,,,,,,
2012-05-29,,Cash,,,,,93296.63,,,,,,
2012-05-30,,Cash,,,,,93296.63,,,,,,
2012-05-31,,Cash,,,,,93296.63,,,,,,
2012-06-01,,Cash,,,,,93296.63,,,,,,
2012-06-04,,Cash,,,,,93296.63,,,,,,
2012-06-05,,Cash,,,,,93296.63,,,,,,
2012-06-06,,Cash,,,,,93296.63,,,,,,
2012-06-07,,Cash,,,,,93296.63,,,,,,
2012-06-08,,Cash,,,,,93296.63,,,,,,
2012-06-11,,Cash,,,,,93296.63,,,,,,
2012-06-12,,Cash,,,,,93296.63,,,,,,
2012-06-13,,Cash,,,,,93296.63,,,,,,
2012-06-14,,Cash,,,,,93296.63,,,,,,
2012-06-15,,Cash,,,,,93296.63,,,,,,
2012-06-18,,Cash,,,,,93296.63,,,,,,
2012-06-19,,Cash,,,,,93296.63,,,,,,
2012-06-20,,Cash,,,,,93296.63,,,,,,
2012-06-21,,Cash,,,,,93296.63,,,,,,
2012-06-25,,Cash,,,,,93296.63,,,,,,
2012-06-26,,Cash,,,,,93296.63,,,,,,
2012-06-27,,Cash,,,,,93296.63,,,,,,
2012-06-28,,Cash,,,,,93296.63,,,,,,
2012-06-29,,Cash,,,,,93296.63,,,,,,
2012-07-02,,Cash,,,,,93296.63,,,,,,
2012-07-03,,Cash,,,,,93296.63,,,,,,
2012-07-04,,Cash,,,,,93296.63,,,,,,
2012-07-05,,Cash,,,,,93296.63,,,,,,
2012-07-06,,Cash,,,,,93296.63,,,,,,
2012-07-09,,Cash,,,,,93296.63,,,,,,
2012-07-10,,Cash,,,,,93296.63,,,,,,
2012-07-11,,Cash,,,,,93296.63,,,,,,
2012-07-12,,Cash,,,,,93296.63,,,,,,
2012-07-13,,Cash,,,,,93296.63,,,,,,
2012-07-16,,Cash,,,,,93296.63,,,,,,
2012-07-17,,Cash,,,,,93296.63,,,,,,
2012-07-18,,Cash,,,,,93296.63,,,,,,
2012-07-19,,Cash,,,,,93296.63,,,,,,
2012-07-20,,Cash,,,,,93296.63,,,,,,
2012-07-23,,Cash,,,,,93296.63,,,,,,
2012-07-24,,Cash,,,,,93296.63,,,,,,
2012-07-25,,Cash,,,,,93296.63,,,,,,
2012-07-26,,Cash,,,,,93296.63,,,,,,
2012-07-27,,Cash,,,,,93296.63,,,,,,
2012-07-30,,Cash,,,,,93296.63,,,,,,
2012-07-31,,Cash,,,,,93296.63,,,,,,
2012-08-01,,Cash,,,,,93296.63,,,,,,
2012-08-02,,Cash,,,,,93296.63,,,,,,
2012-08-03,,Cash,,,,,93296.63,,,,,,
2012-08-06,,Cash,,,,,93296.63,,,,,,
2012-08-07,,Cash,,,,,93296.63,,,,,,
2012-08-08,,Cash,,,,,93296.63,,,,,,
2012-08-09,,Cash,,,,,93296.63,,,,,,
2012-08-10,,Cash,,,,,93296.63,,,,,,
2012-08-13,,Cash,,,,,93296.63,,,,,,
2012-08-14,,Cash,,,,,93296.63,,,,,,
2012-08-15,,Cash,,,,,93296.63,,,,,,
2012-08-16,,Cash,,,,,93296.63,,,,,,
2012-08-17,,Cash,,,,,93296.63,,,,,,
2012-08-20,,Cash,,,,,93296.63,,,,,,
2012-08-21,,Cash,,,,,93296.63,,,,,,
2012-08-22,,Cash,,,,,93296.63,,,,,,
2012-08-23,,Cash,,,,,93296.63,,,,,,
2012-08-24,,Cash,,,,,93296.63,,,,,,
2012-08-27,,Cash,,,,,93296.63,,,,,,
2012-08-28,,Cash,,,,,93296.63,,,,,,
2012-08-29,,Cash,,,,,93296.63,,,,,,
2012-08-30,,Cash,,,,,93296.63,,,,,,
2012-08-31,,Cash,,,,,93296.63,,,,,,
2012-09-03,,Cash,,,,,93296.63,,,,,,
2012-09-04,,Cash,,,,,93296.63,,,,,,
2012-09-05,,Cash,,,,,93296.63,,,,,,
2012-09-06,,Cash,,,,,93296.63,,,,,,
2012-09-07,,Cash,,,,,93296.63,,,,,,
2012-09-10,,Cash,,,,,93296.63,,,,,,
2012-09-11,,Cash,,,,,93296.63,,,,,,
2012-09-12,,Cash,,,,,93296.63,,,,,,
2012-09-13,,Cash,,,,,93296.63,,,,,,
2012-09-14,,Cash,,,,,93296.63,,,,,,
2012-09-17,,Cash,,,,,93296.63,,,,,,
2012-09-18,,Cash,,,,,93296.63,,,,,,
2012-09-19,,Cash,,,,,93296.63,,,,,,
2012-09-20,,Cash,,,,,93296.63,,,,,,
2012-09-21,,Cash,,,,,93296.63,,,,,,
2012-09-24,,Cash,,,,,93296.63,,,,,,
2012-09-25,,Cash,,,,,93296.63,,,,,,
2012-09-26,,Cash,,,,,93296.63,,,,,,
2012-09-27,,Cash,,,,,93296.63,,,,,,
2012-09-28,,Cash,,,,,93296.63,,,,,,
2012-10-08,,Cash,,,,,93296.63,,,,,,
2012-10-09,,Cash,,,,,93296.63,,,,,,
2012-10-10,,Cash,,,,,93296.63,,,,,,
2012-10-11,,Cash,,,,,93296.63,,,,,,
2012-10-12,,Cash,,,,,93296.63,,,,,,
2012-10-15,,Cash,,,,,93296.63,,,,,,
2012-10-16,,Cash,,,,,93296.63,,,,,,
2012-10-17,,Cash,,,,,93296.63,,,,,,
2012-10-18,,Cash,,,,,93296.63,,,,,,
2012-10-19,,Cash,,,,,93296.63,,,,,,
2012-10-22,,Cash,,,,,93296.63,,,,,,
2012-10-23,,Cash,,,,,93296.63,,,,,,
2012-10-24,,Cash,,,,,93296.63,,,,,,
2012-10-25,,Cash,,,,,93296.63,,,,,,
2012-10-26,,Cash,,,,,93296.63,,,,,,
2012-10-29,,Cash,,,,,93296.63,,,,,,
2012-10-30,,Cash,,,,,93296.63,,,,,,
2012-10-31,,Cash,,,,,93296.63,,,,,,
2012-11-01,,Cash,,,,,93296.63,,,,,,
2012-11-02,,Cash,,,,,93296.63,,,,,,
2012-11-05,,Cash,,,,,93296.63,,,,,,
2012-11-06,,Cash,,,,,93296.63,,,,,,
2012-11-07,,Cash,,,,,93296.63,,,,,,
2012-11-08,,Cash,,,,,93296.63,,,,,,
2012-11-09,,Cash,,,,,93296.63,,,,,,
2012-11-12,,Cash,,,,,93296.63,,,,,,
2012-11-13,,Cash,,,,,93296.63,,,,,,
2012-11-14,,Cash,,,,,93296.63,,,,,,
2012-11-15,,Cash,,,,,93296.63,,,,,,
2012-11-16,,Cash,,,,,93296.63,,,,,,
2012-11-19,,Cash,,,,,93296.63,,,,,,
2012-11-20,,Cash,,,,,93296.63,,,,,,
2012-11-21,,Cash,,,,,93296.63,,,,,,
2012-11-22,,Cash,,,,,93296.63,,,,,,
2012-11-23,,Cash,,,,,93296.63,,,,,,
2012-11-26,,Cash,,,,,93296.63,,,,,,
2012-11-27,,Cash,,,,,93296.63,,,,,,
2012-11-28,,Cash,,,,,93296.63,,,,,,
2012-11-29,,Cash,,,,,93296.63,,,,,,
2012-11-30,,Cash,,,,,93296.63,,,,,,
2012-12-03,,Cash,,,,,93296.63,,,,,,
2012-12-04,,Cash,,,,,93296.63,,,,,,
2012-12-05,,Cash,,,,,93296.63,,,,,,
2012-12-06,,Cash,,,,,93296.63,,,,,,
2012-12-07,,Cash,,,,,93296.63,,,,,,
2012-12-10,,Cash,,,,,93296.63,,,,,,
2012-12-11,,Cash,,,,,93296.63,,,,,,
2012-12-12,,Cash,,,,,93296.63,,,,,,
2012-12-13,,Cash,,,,,93296.63,,,,,,
2012-12-14,,Cash,,,,,93296.63,,,,,,
2012-12-17,,Cash,,,,,93296.63,,,,,,
2012-12-18,,Cash,,,,,93296.63,,,,,,
2012-12-19,,Cash,,,,,93296.63,,,,,,
2012-12-20,,Cash,,,,,93296.63,,,,,,
2012-12-21,,Cash,,,,,93296.63,,,,,,
2012-12-24,,Cash,,,,,93296.63,,,,,,
2012-12-25,,Cash,,,,,93296.63,,,,,,
2012-12-26,,Cash,,,,,93296.63,,,,,,
2012-12-27,,Cash,,,,,93296.63,,,,,,
2012-12-28,,Cash,,,,,93296.63,,,,,,
2012-12-31,,Cash,,,,,93296.63,,,,,,
2013-01-04,,Cash,,,,,93296.63,,,,,,
2013-01-07,,Cash,,,,,93296.63,,,,,,
2013-01-08,,Cash,,,,,93296.63,,,,,,
2013-01-09,,Cash,,,,,93296.63,,,,,,
2013-01-10,,Cash,,,,,93296.63,,,,,,
2013-01-11,,Cash,,,,,93296.63,,,,,,
2013-01-14,,Cash,,,,,93296.63,,,,,,
2013-01-15,,Cash,,,,,93296.63,,,,,,
2013-01-16,,Cash,,,,,93296.63,,,,,,
2013-01-17,,Cash,,,,,93296.63,,,,,,
2013-01-18,,Cash,,,,,93296.63,,,,,,
2013-01-21,,Cash,,,,,93296.63,,,,,,
2013-01-22,,Cash,,,,,93296.63,,,,,,
2013-01-23,,Cash,,,,,93296.63,,,,,,
2013-01-24,,Cash,,,,,93296.63,,,,,,
2013-01-25,,Cash,,,,,93296.63,,,,,,
2013-01-28,,Cash,,,,,93296.63,,,,,,
2013-01-29,,Cash,,,,,93296.63,,,,,,
2013-01-30,,Cash,,,,,93296.63,,,,,,
2013-01-31,,Cash,,,,,93296.63,,,,,,
2013-02-01,,Cash,,,,,93296.63,,,,,,
2013-02-04,,Cash,,,,,93296.63,,,,,,
2013-02-05,,Cash,,,,,93296.63,,,,,,
2013-02-06,,Cash,,,,,93296.63,,,,,,
2013-02-07,,Cash,,,,,93296.63,,,,,,
2013-02-08,,Cash,,,,,93296.63,,,,,,
2013-02-18,,Cash,,,,,93296.63,,,,,,
2013-02-19,,Cash,,,,,93296.63,,,,,,
2013-02-20,,Cash,,,,,93296.63,,,,,,
2013-02-21,,Cash,,,,,93296.63,,,,,,
2013-02-22,,Cash,,,,,93296.63,,,,,,
2013-02-25,,Cash,,,,,93296.63,,,,,,
2013-02-26,,Cash,,,,,93296.63,,,,,,
2013-02-27,,Cash,,,,,93296.63,,,,,,
2013-02-28,,Cash,,,,,93296.63,,,,,,
2013-03-01,,Cash,,,,,93296.63,,,,,,
2013-03-04,,Cash,,,,,93296.63,,,,,,
2013-03-05,,Cash,,,,,93296.63,,,,,,
2013-03-06,,Cash,,,,,93296.63,,,,,,
2013-03-07,,Cash,,,,,93296.63,,,,,,
2013-03-08,,Cash,,,,,93296.63,,,,,,
2013-03-11,,Cash,,,,,93296.63,,,,,,
2013-03-12,,Cash,,,,,93296.63,,,,,,
2013-03-13,,Cash,,,,,93296.63,,,,,,
2013-03-14,,Cash,,,,,93296.63,,,,,,
2013-03-15,,Cash,,,,,93296.63,,,,,,
2013-03-18,,Cash,,,,,93296.63,,,,,,
2013-03-19,,Cash,,,,,93296.63,,,,,,
2013-03-20,,Cash,,,,,93296.63,,,,,,
2013-03-21,,Cash,,,,,93296.63,,,,,,
2013-03-22,,Cash,,,,,93296.63,,,,,,
2013-03-25,,Cash,,,,,93296.63,,,,,,
2013-03-26,,Cash,,,,,93296.63,,,,,,
2013-03-27,,Cash,,,,,93296.63,,,,,,
2013-03-28,,Cash,,,,,93296.63,,,,,,
2013-03-29,,Cash,,,,,93296.63,,,,,,
2013-04-01,,Cash,,,,,93296.63,,,,,,
2013-04-02,,Cash,,,,,93296.63,,,,,,
2013-04-03,,Cash,,,,,93296.63,,,,,,
2013-04-08,,Cash,,,,,93296.63,,,,,,
2013-04-09,,Cash,,,,,93296.63,,,,,,
2013-04-10,,Cash,,,,,93296.63,,,,,,
2013-04-11,,Cash,,,,,93296.63,,,,,,
2013-04-12,,Cash,,,,,93296.63,,,,,,
2013-04-15,,Cash,,,,,93296.63,,,,,,
2013-04-16,,Cash,,,,,93296.63,,,,,,
2013-04-17,,Cash,,,,,93296.63,,,,,,
2013-04-18,,Cash,,,,,93296.63,,,,,,
2013-04-19,,Cash,,,,,93296.63,,,,,,
2013-04-22,,Cash,,,,,93296.63,,,,,,
2013-04-23,,Cash,,,,,93296.63,,,,,,
2013-04-24,,Cash,,,,,93296.63,,,,,,
2013-04-25,,Cash,,,,,93296.63,,,,,,
2013-04-26,,Cash,,,,,93296.63,,,,,,
2013-05-02,,Cash,,,,,93296.63,,,,,,
2013-05-03,,Cash,,,,,93296.63,,,,,,
2013-05-06,,Cash,,,,,93296.63,,,,,,
2013-05-07,,Cash,,,,,93296.63,,,,,,
2013-05-08,,Cash,,,,,93296.63,,,,,,
2013-05-09,,Cash,,,,,93296.63,,,,,,
2013-05-10,,Cash,,,,,93296.63,,,,,,
2013-05-13,,Cash,,,,,93296.63,,,,,,
2013-05-14,,Cash,,,,,93296.63,,,,,,
2013-05-15,,Cash,,,,,93296.63,,,,,,
2013-05-16,,Cash,,,,,93296.63,,,,,,
2013-05-17,,Cash,,,,,93296.63,,,,,,
2013-05-20,,Cash,,,,,93296.63,,,,,,
2013-05-21,,Cash,,,,,93296.63,,,,,,
2013-05-22,,Cash,,,,,93296.63,,,,,,
2013-05-23,,Cash,,,,,93296.63,,,,,,
2013-05-24,,Cash,,,,,93296.63,,,,,,
2013-05-27,,Cash,,,,,93296.63,,,,,,
2013-05-28,,Cash,,,,,93296.63,,,,,,
2013-05-29,,Cash,,,,,93296.63,,,,,,
2013-05-30,,Cash,,,,,93296.63,,,,,,
2013-05-31,,Cash,,,,,93296.63,,,,,,
2013-06-03,,Cash,,,,,93296.63,,,,,,
2013-06-04,,Cash,,,,,93296.63,,,,,,
2013-06-05,,Cash,,,,,93296.63,,,,,,
2013-06-06,,Cash,,,,,93296.63,,,,,,
2013-06-07,,Cash,,,,,93296.63,,,,,,
2013-06-13,,Cash,,,,,93296.63,,,,,,
2013-06-14,,Cash,,,,,93296.63,,,,,,
2013-06-17,,Cash,,,,,93296.63,,,,,,
2013-06-18,,Cash,,,,,93296.63,,,,,,
2013-06-19,,Cash,,,,,93296.63,,,,,,
2013-06-20,,Cash,,,,,93296.63,,,,,,
2013-06-21,,Cash,,,,,93296.63,,,,,,
2013-06-24,,Cash,,,,,93296.63,,,,,,
2013-06-25,,Cash,,,,,93296.63,,,,,,
2013-06-26,,Cash,,,,,93296.63,,,,,,
2013-06-27,,Cash,,,,,93296.63,,,,,,
2013-06-28,,Cash,,,,,93296.63,,,,,,
2013-07-01,,Cash,,,,,93296.63,,,,,,
2013-07-02,,Cash,,,,,93296.63,,,,,,
2013-07-03,,Cash,,,,,93296.63,,,,,,
2013-07-04,,Cash,,,,,93296.63,,,,,,
2013-07-05,,Cash,,,,,93296.63,,,,,,
2013-07-08,,Cash,,,,,93296.63,,,,,,
2013-07-09,,Cash,,,,,93296.63,,,,,,
2013-07-10,,Cash,,,,,93296.63,,,,,,
2013-07-11,,Cash,,,,,93296.63,,,,,,
2013-07-12,,Cash,,,,,93296.63,,,,,,
2013-07-15,,Cash,,,,,93296.63,,,,,,
2013-07-16,,Cash,,,,,93296.63,,,,,,
2013-07-17,,Cash,,,,,93296.63,,,,,,
2013-07-18,,Cash,,,,,93296.63,,,,,,
2013-07-19,,Cash,,,,,93296.63,,,,,,
2013-07-22,,Cash,,,,,93296.63,,,,,,
2013-07-23,,Cash,,,,,93296.63,,,,,,
2013-07-24,,Cash,,,,,93296.63,,,,,,
2013-07-25,,Cash,,,,,93296.63,,,,,,
2013-07-26,,Cash,,,,,93296.63,,,,,,
2013-07-29,,Cash,,,,,93296.63,,,,,,
2013-07-30,,Cash,,,,,93296.63,,,,,,
2013-07-31,,Cash,,,,,93296.63,,,,,,
2013-08-01,,Cash,,,,,93296.63,,,,,,
2013-08-02,,Cash,,,,,93296.63,,,,,,
2013-08-05,,Cash,,,,,93296.63,,,,,,
2013-08-06,,Cash,,,,,93296.63,,,,,,
2013-08-07,,Cash,,,,,93296.63,,,,,,
2013-08-08,,Cash,,,,,93296.63,,,,,,
2013-08-09,,Cash,,,,,93296.63,,,,,,
2013-08-12,,Cash,,,,,93296.63,,,,,,
2013-08-13,,Cash,,,,,93296.63,,,,,,
2013-08-14,,Cash,,,,,93296.63,,,,,,
2013-08-15,,Cash,,,,,93296.63,,,,,,
2013-08-16,,Cash,,,,,93296.63,,,,,,
2013-08-19,,Cash,,,,,93296.63,,,,,,
2013-08-20,,Cash,,,,,93296.63,,,,,,
2013-08-21,,Cash,,,,,93296.63,,,,,,
2013-08-22,,Cash,,,,,93296.63,,,,,,
2013-08-23,,Cash,,,,,93296.63,,,,,,
2013-08-26,,Cash,,,,,93296.63,,,,,,
2013-08-27,,Cash,,,,,93296.63,,,,,,
2013-08-28,,Cash,,,,,93296.63,,,,,,
2013-08-29,,Cash,,,,,93296.63,,,,,,
2013-08-30,,Cash,,,,,93296.63,,,,,,
2013-09-02,,Cash,,,,,93296.63,,,,,,
2013-09-03,,Cash,,,,,93296.63,,,,,,
2013-09-04,,Cash,,,,,93296.63,,,,,,
2013-09-05,,Cash,,,,,93296.63,,,,,,
2013-09-06,,Cash,,,,,93296.63,,,,,,
2013-09-09,,Cash,,,,,93296.63,,,,,,
2013-09-10,,Cash,,,,,93296.63,,,,,,
2013-09-11,,Cash,,,,,93296.63,,,,,,
2013-09-12,,Cash,,,,,93296.63,,,,,,
2013-09-13,,Cash,,,,,93296.63,,,,,,
2013-09-16,,Cash,,,,,93296.63,,,,,,
2013-09-17,,Cash,,,,,93296.63,,,,,,
2013-09-18,,Cash,,,,,93296.63,,,,,,
2013-09-23,,Cash,,,,,93296.63,,,,,,
2013-09-24,,Cash,,,,,93296.63,,,,,,
2013-09-25,,Cash,,,,,93296.63,,,,,,
2013-09-26,,Cash,,,,,93296.63,,,,,,
2013-09-27,,Cash,,,,,93296.63,,,,,,
2013-09-30,,Cash,,,,,93296.63,,,,,,
2013-10-08,,Cash,,,,,93296.63,,,,,,
2013-10-09,,Cash,,,,,93296.63,,,,,,
2013-10-10,,Cash,,,,,93296.63,,,,,,
2013-10-11,,Cash,,,,,93296.63,,,,,,
2013-10-14,,Cash,,,,,93296.63,,,,,,
2013-10-15,股票,康达新材(002669.XSHE),多仓,7400股,7400股,12.46,92204,-666,12.55,-,0,-666,0股,99.6%
2013-10-15,,Cash,,,,,398.77,,,,,,
2013-10-16,股票,康达新材(002669.XSHE),多仓,100股,100股,11.8,1180,-75,12.55,-,0,-66,0股,1.3%
2013-10-16,,Cash,,,,,90582.38,,,,,,
2013-10-17,股票,康达新材(002669.XSHE),多仓,7600股,7600股,11.84,89984,-1121,11.988,-,0,-1046,0股,99.2%
2013-10-17,,Cash,,,,,705.42,,,,,,
2013-10-18,股票,康达新材(002669.XSHE),多仓,7600股,7600股,11.9,90440,-665,11.988,-,0,456,0股,99.2%
2013-10-18,,Cash,,,,,705.42,,,,,,
2013-10-21,,Cash,,,,,91027.85,,,,,,
2013-10-22,,Cash,,,,,91027.85,,,,,,
2013-10-23,,Cash,,,,,91027.85,,,,,,
2013-10-24,,Cash,,,,,91027.85,,,,,,
2013-10-25,股票,万安科技(002590.XSHE),多仓,7400股,7400股,12.28,90872,1406,12.09,-,0,1406,0股,98.3%
2013-10-25,,Cash,,,,,1535.01,,,,,,
2013-10-28,,Cash,,,,,92362.78,,,,,,
2013-10-29,,Cash,,,,,92362.78,,,,,,
2013-10-30,,Cash,,,,,92362.78,,,,,,
2013-10-31,,Cash,,,,,92362.78,,,,,,
2013-11-01,,Cash,,,,,92362.78,,,,,,
2013-11-04,,Cash,,,,,92362.78,,,,,,
2013-11-05,,Cash,,,,,92362.78,,,,,,
2013-11-06,,Cash,,,,,92362.78,,,,,,
2013-11-07,,Cash,,,,,92362.78,,,,,,
2013-11-08,,Cash,,,,,92362.78,,,,,,
2013-11-11,,Cash,,,,,92362.78,,,,,,
2013-11-12,,Cash,,,,,92362.78,,,,,,
2013-11-13,,Cash,,,,,92362.78,,,,,,
2013-11-14,,Cash,,,,,92362.78,,,,,,
2013-11-15,,Cash,,,,,92362.78,,,,,,
2013-11-18,,Cash,,,,,92362.78,,,,,,
2013-11-19,,Cash,,,,,92362.78,,,,,,
2013-11-20,,Cash,,,,,92362.78,,,,,,
2013-11-21,,Cash,,,,,92362.78,,,,,,
2013-11-22,,Cash,,,,,92362.78,,,,,,
2013-11-25,,Cash,,,,,92362.78,,,,,,
2013-11-26,,Cash,,,,,92362.78,,,,,,
2013-11-27,,Cash,,,,,92362.78,,,,,,
2013-11-28,,Cash,,,,,92362.78,,,,,,
2013-11-29,,Cash,,,,,92362.78,,,,,,
2013-12-02,,Cash,,,,,92362.78,,,,,,
2013-12-03,,Cash,,,,,92362.78,,,,,,
2013-12-04,,Cash,,,,,92362.78,,,,,,
2013-12-05,,Cash,,,,,92362.78,,,,,,
2013-12-06,股票,龙生股份(002625.XSHE),多仓,8600股,8600股,10.4,89440,-1118,10.53,-,0,-1118,0股,98.1%
2013-12-06,,Cash,,,,,1777.61,,,,,,
2013-12-09,股票,龙生股份(002625.XSHE),多仓,200股,200股,10.61,2122,16,10.53,-,0,42,0股,2.3%
2013-12-09,,Cash,,,,,89359.61,,,,,,
2013-12-10,股票,龙生股份(002625.XSHE),多仓,8400股,8400股,10.58,88872,-318,10.618,-,0,-334,0股,97.5%
2013-12-10,,Cash,,,,,2249.48,,,,,,
2013-12-11,股票,龙生股份(002625.XSHE),多仓,100股,100股,10.28,1028,-33.79,10.618,-,0,-30,0股,1.1%
2013-12-11,,Cash,,,,,89617.75,,,,,,
2013-12-12,股票,龙生股份(002625.XSHE),多仓,3600股,3600股,10.35,37260,183.21,10.299,-,0,217,0股,40.4%
2013-12-12,股票,棒杰股份(002634.XSHE),多仓,3600股,3600股,14.81,53316,1440,14.41,-,0,1440,0股,57.8%
2013-12-12,,Cash,,,,,1700.39,,,,,,
2013-12-13,股票,龙生股份(002625.XSHE),多仓,200股,200股,10.49,2098,38.18,10.299,-,0,28,0股,2.3%
2013-12-13,股票,棒杰股份(002634.XSHE),多仓,3600股,3600股,14.73,53028,1152,14.41,-,0,-288,0股,57.7%
2013-12-13,,Cash,,,,,36810.69,,,,,,
2013-12-16,股票,龙生股份(002625.XSHE),多仓,500股,500股,10.35,5175,-31.82,10.414,-,0,-70,0股,5.7%
2013-12-16,股票,棒杰股份(002634.XSHE),多仓,600股,600股,14.64,8784,138,14.41,-,0,-54,0股,9.7%
2013-12-16,股票,恒大高新(002591.XSHE),多仓,500股,500股,12.57,6285,-255,13.08,-,0,-255,0股,6.9%
2013-12-16,股票,万安科技(002590.XSHE),多仓,500股,500股,12.8,6400,-45,12.89,-,0,-45,0股,7%
2013-12-16,股票,浙江世宝(002703.XSHE),多仓,500股,500股,20.37,10185,-280,20.93,-,0,-280,0股,11.2%
2013-12-16,,Cash,,,,,54116.52,,,,,,
2013-12-17,股票,龙生股份(002625.XSHE),多仓,500股,500股,10.18,5090,-116.82,10.414,-,0,-85,0股,5.7%
2013-12-17,股票,棒杰股份(002634.XSHE),多仓,800股,800股,14.91,11928,350,14.473,-,0,212,0股,13.3%
2013-12-17,股票,万安科技(002590.XSHE),多仓,800股,800股,12.19,9752,-539,12.864,-,0,-494,0股,10.9%
2013-12-17,股票,浙江世宝(002703.XSHE),多仓,800股,800股,19.25,15400,-1161,20.701,-,0,-881,0股,17.2%
2013-12-17,股票,深大通(000038.XSHE),多仓,800股,800股,12.12,9696,-248,12.43,-,0,-248,0股,10.8%
2013-12-17,,Cash,,,,,37507.28,,,,,,
2013-12-18,股票,龙生股份(002625.XSHE),多仓,500股,500股,10.18,5090,-116.82,10.414,-,0,0,0股,5.7%
2013-12-18,股票,棒杰股份(002634.XSHE),多仓,800股,800股,15.23,12184,606,14.473,-,0,256,0股,13.6%
2013-12-18,,Cash,,,,,72433.3,,,,,,
2013-12-19,股票,龙生股份(002625.XSHE),多仓,500股,500股,10.18,5090,-116.82,10.414,-,0,0,0股,5.8%
2013-12-19,股票,棒杰股份(002634.XSHE),多仓,800股,800股,14.26,11408,-170,14.473,-,0,-776,0股,13%
2013-12-19,股票,万安科技(002590.XSHE),多仓,5800股,5800股,12.17,70586,-1450,12.42,-,0,-1450,0股,80.7%
2013-12-19,,Cash,,,,,375.69,,,,,,
2013-12-20,股票,棒杰股份(002634.XSHE),多仓,800股,800股,14.95,11960,382,14.473,-,0,552,0股,13.5%
2013-12-20,股票,万安科技(002590.XSHE),多仓,100股,100股,11.97,1197,-45,12.42,-,0,-20,0股,1.4%
2013-12-20,,Cash,,,,,75298.68,,,,,,
2013-12-23,股票,棒杰股份(002634.XSHE),多仓,800股,800股,13.46,10768,-810,14.473,-,0,-1192,0股,12.3%
2013-12-23,股票,万安科技(002590.XSHE),多仓,100股,100股,11.96,1196,-46,12.42,-,0,-1,0股,1.4%
2013-12-23,,Cash,,,,,75298.68,,,,,,
2013-12-24,股票,棒杰股份(002634.XSHE),多仓,5500股,5500股,13.05,71775,-668,13.171,-,0,142,0股,82.1%
2013-12-24,,Cash,,,,,15608.22,,,,,,
2013-12-25,股票,棒杰股份(002634.XSHE),多仓,5500股,5500股,13.46,74030,1587,13.171,-,0,2255,0股,82.6%
2013-12-25,,Cash,,,,,15608.22,,,,,,
2013-12-26,股票,龙生股份(002625.XSHE),多仓,1400股,1400股,10.6,14840,-476,10.94,-,0,-476,0股,16.8%
2013-12-26,,Cash,,,,,73726.62,,,,,,
2013-12-27,,Cash,,,,,88476.85,,,,,,
2013-12-30,,Cash,,,,,88476.85,,,,,,
2013-12-31,,Cash,,,,,88476.85,,,,,,
2014-01-02,,Cash,,,,,88476.85,,,,,,
2014-01-03,,Cash,,,,,88476.85,,,,,,
2014-01-06,,Cash,,,,,88476.85,,,,,,
2014-01-07,,Cash,,,,,88476.85,,,,,,
2014-01-08,,Cash,,,,,88476.85,,,,,,
2014-01-09,,Cash,,,,,88476.85,,,,,,
2014-01-10,,Cash,,,,,88476.85,,,,,,
2014-01-13,,Cash,,,,,88476.85,,,,,,
2014-01-14,,Cash,,,,,88476.85,,,,,,
2014-01-15,,Cash,,,,,88476.85,,,,,,
2014-01-16,,Cash,,,,,88476.85,,,,,,
2014-01-17,,Cash,,,,,88476.85,,,,,,
2014-01-20,,Cash,,,,,88476.85,,,,,,
2014-01-21,,Cash,,,,,88476.85,,,,,,
2014-01-22,,Cash,,,,,88476.85,,,,,,
2014-01-23,,Cash,,,,,88476.85,,,,,,
2014-01-24,,Cash,,,,,88476.85,,,,,,
2014-01-27,,Cash,,,,,88476.85,,,,,,
2014-01-28,,Cash,,,,,88476.85,,,,,,
2014-01-29,,Cash,,,,,88476.85,,,,,,
2014-01-30,,Cash,,,,,88476.85,,,,,,
2014-02-07,,Cash,,,,,88476.85,,,,,,
2014-02-10,,Cash,,,,,88476.85,,,,,,
2014-02-11,,Cash,,,,,88476.85,,,,,,
2014-02-12,,Cash,,,,,88476.85,,,,,,
2014-02-13,,Cash,,,,,88476.85,,,,,,
2014-02-14,,Cash,,,,,88476.85,,,,,,
2014-02-17,,Cash,,,,,88476.85,,,,,,
2014-02-18,,Cash,,,,,88476.85,,,,,,
2014-02-19,,Cash,,,,,88476.85,,,,,,
2014-02-20,股票,乔治白(002687.XSHE),多仓,600股,600股,10.28,6168,-114,10.47,-,0,-114,0股,7.1%
2014-02-20,股票,恒大高新(002591.XSHE),多仓,600股,600股,15.23,9138,-594,16.22,-,0,-594,0股,10.6%
2014-02-20,股票,龙生股份(002625.XSHE),多仓,600股,600股,12.3,7380,-234,12.69,-,0,-234,0股,8.5%
2014-02-20,股票,浙江世宝(002703.XSHE),多仓,600股,600股,21,12600,-426,21.71,-,0,-426,0股,14.6%
2014-02-20,股票,兄弟科技(002562.XSHE),多仓,600股,600股,11.07,6642,-264,11.51,-,0,-264,0股,7.7%
2014-02-20,股票,康达新材(002669.XSHE),多仓,600股,600股,15.98,9588,-168,16.26,-,0,-168,0股,11.1%
2014-02-20,股票,万安科技(002590.XSHE),多仓,600股,600股,15.78,9468,216,15.42,-,0,216,0股,11%
2014-02-20,股票,棒杰股份(002634.XSHE),多仓,600股,600股,15.5,9300,-330,16.05,-,0,-330,0股,10.8%
2014-02-20,股票,闽发铝业(002578.XSHE),多仓,600股,600股,12.17,7302,-66,12.28,-,0,-66,0股,8.4%
2014-02-20,,Cash,,,,,8865.85,,,,,,
2014-02-21,股票,乔治白(002687.XSHE),多仓,200股,200股,10.06,2012,-82,10.47,-,0,-44,0股,2.3%
2014-02-21,股票,龙生股份(002625.XSHE),多仓,200股,200股,12.03,2406,-132,12.69,-,0,-54,0股,2.8%
2014-02-21,股票,康达新材(002669.XSHE),多仓,200股,200股,16.07,3214,-38,16.26,-,0,18,0股,3.7%
2014-02-21,股票,万安科技(002590.XSHE),多仓,200股,200股,15.71,3142,58,15.42,-,0,-14,0股,3.6%
2014-02-21,股票,棒杰股份(002634.XSHE),多仓,200股,200股,15.26,3052,-158,16.05,-,0,-48,0股,3.5%
2014-02-21,股票,闽发铝业(002578.XSHE),多仓,200股,200股,12.19,2438,-18,12.28,-,0,4,0股,2.8%
2014-02-21,,Cash,,,,,69855.78,,,,,,
2014-02-24,股票,乔治白(002687.XSHE),多仓,800股,800股,10.31,8248,130,10.148,-,0,212,0股,9.5%
2014-02-24,股票,龙生股份(002625.XSHE),多仓,200股,200股,12.49,2498,-40,12.69,-,0,92,0股,2.9%
2014-02-24,股票,康达新材(002669.XSHE),多仓,800股,800股,16.4,13120,160,16.2,-,0,198,0股,15%
2014-02-24,股票,万安科技(002590.XSHE),多仓,800股,800股,15.68,12544,-32,15.72,-,0,-90,0股,14.4%
2014-02-24,股票,棒杰股份(002634.XSHE),多仓,800股,800股,15.97,12776,518,15.323,-,0,676,0股,14.6%
2014-02-24,股票,浙江世宝(002703.XSHE),多仓,800股,800股,21.91,17528,104,21.78,-,0,104,0股,20.1%
2014-02-24,,Cash,,,,,20555.12,,,,,,
最多只能导出1000条记录,,,,,,,,,,,,,
